{
  "Ac_Dirty_REQ": {
    "precision": 1.0,
    "recall": 1.0,
    "f1-score": 1.0,
    "support": 203,
    "confused_with": {}
  },
  "AC_Cooling_REQ": {
    "precision": 0.9583333333333334,
    "recall": 1.0,
    "f1-score": 0.9787234042553191,
    "support": 138,
    "confused_with": {}
  },
  "Tv_Assistance_REQ": {
    "precision": 0.9594594594594594,
    "recall": 1.0,
    "f1-score": 0.9793103448275862,
    "support": 142,
    "confused_with": {}
  },
  "Ac_Noisy_REQ": {
    "precision": 0.992,
    "recall": 1.0,
    "f1-score": 0.9959839357429718,
    "support": 124,
    "confused_with": {}
  },
  "Tv_Dirty_REQ": {
    "precision": 0.9871794871794872,
    "recall": 0.9871794871794872,
    "f1-score": 0.9871794871794872,
    "support": 78,
    "confused_with": {}
  },
  "Spoon_REQ": {
    "precision": 0.9818181818181818,
    "recall": 1.0,
    "f1-score": 0.9908256880733944,
    "support": 54,
    "confused_with": {}
  },
  "Additional_key_REQ": {
    "precision": 1.0,
    "recall": 1.0,
    "f1-score": 1.0,
    "support": 48,
    "confused_with": {}
  },
  "Additional_Key_REQ": {
    "precision": 0.9682539682539683,
    "recall": 1.0,
    "f1-score": 0.9838709677419354,
    "support": 61,
    "confused_with": {}
  },
  "Ac_Assistance_REQ": {
    "precision": 0.9793103448275862,
    "recall": 0.9594594594594594,
    "f1-score": 0.9692832764505119,
    "support": 148,
    "confused_with": {
      "AC_Cooling_REQ": 6
    }
  },
  "micro avg": {
    "precision": 0.9801783944499505,
    "recall": 0.9929718875502008,
    "f1-score": 0.9865336658354116,
    "support": 996
  },
  "macro avg": {
    "precision": 0.9807060860968908,
    "recall": 0.9940709940709941,
    "f1-score": 0.9872419004745784,
    "support": 996
  },
  "weighted avg": {
    "precision": 0.9804426186339354,
    "recall": 0.9929718875502008,
    "f1-score": 0.9865487428592137,
    "support": 996
  },
  "accuracy": 0.9978970558782295
}